iter	Logloss
0	0.1180682383
1	0.1172311086
