Model,Precision,Recall,F1
SVM-train,0.9613350569984722,0.9716118303836561,0.9664461247637051
SVM-test,0.9594230092646886,0.9717306093360256,0.9655375899917383
